Type,Name,Request Count,Failure Count,Median Response Time,Average Response Time,Min Response Time,Max Response Time,Average Content Size,Requests/s,Failures/s,50%,66%,75%,80%,90%,95%,98%,99%,99.9%,99.99%,100%
GET,/,261,0,1400.0,1204.084059946222,99.03951999876881,3239.0291300034733,2317.0,13.583599034614576,0.0,1400,1600,1700,1700,1800,2900,2900,2900,3200,3200,3200
GET,/chatbot,236,0,1300.0,1138.2661452927573,40.286973999172915,2983.3693800028414,3870.0,12.282488015973334,0.0,1300,1600,1700,1700,1800,2900,2900,2900,3000,3000,3000
GET,/stats,238,0,1300.0,1176.3779153991914,39.561327001138125,3239.936122998188,2745.0,12.386576897464632,0.0,1300,1600,1600,1700,1900,2900,2900,3000,3200,3200,3200
,Aggregated,735,0,1300.0,1173.979175238181,39.561327001138125,3239.936122998188,2954.2408163265304,38.25266394805254,0.0,1300,1600,1600,1700,1800,2900,2900,2900,3200,3200,3200
