Type,Name,Request Count,Failure Count,Median Response Time,Average Response Time,Min Response Time,Max Response Time,Average Content Size,Requests/s,Failures/s,50%,66%,75%,80%,90%,95%,98%,99%,99.9%,99.99%,100%
GET,/,275,0,1500.0,1284.0389309307052,26.057177994516678,4589.1034769956605,2317.0,12.851680264233725,0.0,1500,1600,1700,2000,2200,3100,4100,4300,4600,4600,4600
GET,/chatbot,274,0,1500.0,1279.7555988834004,27.552875006222166,5201.217992995225,3870.0,12.804946881454692,0.0,1500,1600,1700,1900,2200,3100,4100,4300,5200,5200,5200
GET,/get?msg=give%20me%20some%20music%20that%20is%20happy,13,0,4600.0,4892.859211770254,3422.9756939967046,6570.111879998876,43.0,0.6075339761274124,0.0,4600,5500,5800,5800,5900,6600,6600,6600,6600,6600,6600
GET,/stats,285,0,1500.0,1331.590005855986,23.60710200446192,5201.826430995425,2745.0,13.319014092024041,0.0,1500,1600,1900,2200,2200,3100,4300,4600,5200,5200,5200
,Aggregated,847,0,1500.0,1354.042575586734,23.60710200446192,6570.111879998876,2928.499409681228,39.58317521383987,0.0,1500,1600,1700,2100,2200,3500,4400,4600,6600,6600,6600
