Type,Name,Request Count,Failure Count,Median Response Time,Average Response Time,Min Response Time,Max Response Time,Average Content Size,Requests/s,Failures/s,50%,66%,75%,80%,90%,95%,98%,99%,99.9%,99.99%,100%
GET,/,2180,0,43,359.5988480678328,22.173691999341827,2956.5058600055636,2317.0,36.50567363743122,0.0,43,290,350,450,1400,1600,1600,1700,2700,3000,3000
GET,/chatbot,2101,0,43,389.53438699998986,20.550746005028486,3054.555706999963,3870.0,35.18276161112064,0.0,43,320,370,880,1500,1600,1700,1800,3000,3100,3100
GET,/stats,2148,0,42,358.2460131400624,20.588082996255253,2937.3541390013997,2745.0,35.96981053816618,0.0,42,290,350,450,1500,1600,1700,1700,2700,2900,2900
,Aggregated,6429,0,42,368.9297981178594,20.550746005028486,3054.555706999963,2967.520609737129,107.65824578671804,0.0,42,300,360,670,1500,1600,1700,1700,2900,3100,3100
